Release Date ,Movie,Production Budget ,Worldwide Gross 
"Dec 16, 2015",Star Wars Ep. VII: The Force Awakens," $533,200,000"," $2,056,046,835"
"Apr 23, 2019",Avengers: Endgame," $400,000,000"," $2,717,503,922"
"Dec 9, 2022",Avatar: The Way of Water," $400,000,000"," $2,320,250,281"
"May 17, 2025",Mission: Impossible—The Final Reckoning," $400,000,000", $0
"May 20, 2011",Pirates of the Caribbean: On Stranger Tides," $379,000,000"," $1,045,713,802"
"Apr 22, 2015",Avengers: Age of Ultron," $365,000,000"," $1,395,316,979"
"May 17, 2023",Fast X," $340,000,000"," $714,375,114"
"May 23, 2018",Solo: A Star Wars Story," $330,400,000"," $393,151,347"
"Apr 25, 2018",Avengers: Infinity War," $300,000,000"," $2,048,359,754"
"May 24, 2007",Pirates of the Caribbean: At World’s End," $300,000,000"," $960,996,492"
"Nov 13, 2017",Justice League," $300,000,000"," $655,945,209"
"Jun 28, 2023",Indiana Jones and the Dial of Destiny," $300,000,000"," $383,963,057"
"Jul 11, 2023",Mission: Impossible Dead Reckoning Part One," $290,000,000"," $565,857,048"
"Dec 14, 2016",Rogue One: A Star Wars Story," $280,200,000"," $1,055,083,596"
"Dec 18, 2019",Star Wars: The Rise of Skywalker," $275,000,000"," $1,069,951,814"
"Nov 8, 2023",The Marvels," $270,000,000"," $199,706,250"
"Mar 19, 2025",Disney’s Snow White," $269,400,000"," $195,242,390"
"Jul 2, 2025",Jurassic World Rebirth," $265,000,000", $0
"Mar 7, 2012",John Carter," $263,700,000"," $282,778,100"
"Mar 23, 2016",Batman v Superman: Dawn of Justice," $263,000,000"," $872,395,091"
"Dec 13, 2017",Star Wars Ep. VIII: The Last Jedi," $262,000,000"," $1,322,581,071"
"Jul 11, 2019",The Lion King," $260,000,000"," $1,661,454,403"
"Nov 24, 2010",Tangled," $260,000,000"," $582,440,151"
"May 3, 2007",Spider-Man 3," $258,000,000"," $895,937,268"
"Nov 9, 2022",Black Panther: Wakanda Forever," $250,000,000"," $859,208,836"
"Apr 22, 2016",Captain America: Civil War," $250,000,000"," $1,151,899,586"
"May 3, 2023",Guardians of the Galaxy Vol 3," $250,000,000"," $845,555,777"
"Jul 1, 2022",Thor: Love and Thunder," $250,000,000"," $760,928,081"
"Jul 15, 2009",Harry Potter and the Half-Blood Prince," $250,000,000"," $926,492,031"
"May 24, 2023",The Little Mermaid," $250,000,000"," $569,626,289"
"Dec 12, 2013",The Hobbit: The Desolation of Smaug," $250,000,000"," $959,358,436"
"Dec 10, 2014",The Hobbit: The Battle of the Five Armies," $250,000,000"," $940,323,039"
"Apr 7, 2017",The Fate of the Furious," $250,000,000"," $1,235,534,014"
"Nov 13, 2024",Gladiator II," $250,000,000"," $460,380,411"
"Sep 29, 2021",No Time to Die," $250,000,000"," $758,929,771"
"Dec 17, 2025",Avatar: Fire and Ash," $250,000,000", $0
"Oct 6, 2015",Spectre," $245,000,000"," $879,077,344"
"Dec 17, 2009",Avatar," $237,000,000"," $2,923,706,026"
"Jun 28, 2006",Superman Returns," $232,000,000"," $391,081,192"
"Jul 19, 2012",The Dark Knight Rises," $230,000,000"," $1,082,228,107"
"May 23, 2017",Pirates of the Caribbean: Dead Men Tell No Tales," $230,000,000"," $794,861,794"
"Nov 14, 2008",Quantum of Solace," $230,000,000"," $591,692,078"
"Apr 25, 2012",The Avengers," $225,000,000"," $1,515,100,211"
"Jul 6, 2006",Pirates of the Caribbean: Dead Man’s Chest," $225,000,000"," $1,066,179,725"
"Jun 14, 2013",Man of Steel," $225,000,000"," $667,999,518"
"May 16, 2008",The Chronicles of Narnia: Prince Caspian," $225,000,000"," $417,341,288"
"Jul 2, 2013",The Lone Ranger," $225,000,000"," $260,002,115"
"Jun 27, 2012",The Amazing Spider-Man," $220,000,000"," $758,576,824"
"Apr 11, 2012",Battleship," $220,000,000"," $313,477,717"
"Jun 20, 2017",Transformers: The Last Knight," $217,000,000"," $602,893,340"
"Jun 9, 2015",Jurassic World," $215,000,000"," $1,671,063,641"
"May 23, 2012",Men in Black 3," $215,000,000"," $654,213,485"
"Jun 24, 2009",Transformers: Revenge of the Fallen," $210,000,000"," $836,519,699"
"Jun 25, 2014",Transformers: Age of Extinction," $210,000,000"," $1,104,054,072"
"May 26, 2006",X-Men: The Last Stand," $210,000,000"," $459,260,946"
"May 14, 2010",Robin Hood," $210,000,000"," $322,459,006"
"Dec 14, 2005",King Kong," $207,000,000"," $556,906,378"
"Dec 20, 2023",Aquaman and the Lost Kingdom," $205,000,000"," $439,381,226"
"Dec 7, 2007",The Golden Compass," $205,000,000"," $367,262,558"
"Aug 26, 2020",Tenet," $205,000,000"," $366,273,550"
"Dec 14, 2021",Spider-Man: No Way Home," $200,000,000"," $1,921,206,586"
"Feb 13, 2018",Black Panther," $200,000,000"," $1,334,157,082"
"Dec 18, 1997",Titanic," $200,000,000"," $2,223,048,786"
"Jun 12, 2024",Inside Out 2," $200,000,000"," $1,698,831,782"
"Jul 24, 2024",Deadpool & Wolverine," $200,000,000"," $1,338,071,348"
"Jun 15, 2018",Incredibles 2," $200,000,000"," $1,242,805,359"
"Jun 16, 2016",Finding Dory," $200,000,000"," $1,025,006,125"
"Jun 20, 2019",Toy Story 4," $200,000,000"," $1,071,177,215"
"Jun 18, 2010",Toy Story 3," $200,000,000"," $1,068,879,522"
"May 4, 2022",Doctor Strange in the Multiverse of Madness," $200,000,000"," $952,224,986"
"Apr 24, 2013",Iron Man 3," $200,000,000"," $1,214,630,956"
"Apr 28, 2017",Guardians of the Galaxy Vol 2," $200,000,000"," $869,087,963"
"Jun 30, 2004",Spider-Man 2," $200,000,000"," $795,888,127"
"Mar 1, 2022",The Batman," $200,000,000"," $770,860,380"
"Mar 4, 2010",Alice in Wonderland," $200,000,000"," $1,025,491,110"
"Oct 26, 2012",Skyfall," $200,000,000"," $1,110,526,981"
"Dec 11, 2012",The Hobbit: An Unexpected Journey," $200,000,000"," $1,014,938,545"
"Jun 21, 2013",Monsters University," $200,000,000"," $743,455,810"
"Dec 18, 2024",Mufasa: The Lion King," $200,000,000"," $722,339,600"
"Mar 8, 2013",Oz the Great and Powerful," $200,000,000"," $490,359,051"
"May 21, 2014",X-Men: Days of Future Past," $200,000,000"," $747,862,775"
"Feb 15, 2023",Ant-Man and the Wasp: Quantumania," $200,000,000"," $476,073,180"
"Apr 16, 2014",The Amazing Spider-Man 2," $200,000,000"," $709,672,746"
"Jun 23, 2011",Cars 2," $200,000,000"," $560,155,383"
"Jul 7, 2021",Black Widow," $200,000,000"," $379,751,131"
"Jul 31, 2019",Fast & Furious Presents: Hobbs & Shaw," $200,000,000"," $760,732,926"
"May 20, 2021",F9: The Fast Saga," $200,000,000"," $719,360,068"
"Dec 16, 2010",Tron: Legacy," $200,000,000"," $399,866,199"
"Oct 19, 2022",Black Adam," $200,000,000"," $393,583,344"
"Nov 12, 2009",2012," $200,000,000"," $757,677,748"
"Nov 3, 2021",Eternals," $200,000,000"," $401,731,759"
"Nov 14, 2018",Fantastic Beasts: The Crimes of Grindelwald," $200,000,000"," $648,455,339"
"Jun 14, 2023",Elemental," $200,000,000"," $484,829,737"
"May 21, 2009",Terminator Salvation," $200,000,000"," $365,491,792"
"Jun 15, 2022",Lightyear," $200,000,000"," $218,878,024"
"Jul 28, 2021",Jungle Cruise," $200,000,000"," $210,469,803"
"Jun 17, 2011",Green Lantern," $200,000,000"," $219,535,492"
"Jun 13, 2023",The Flash," $200,000,000"," $271,467,507"
"Nov 6, 2024",Red One," $200,000,000"," $185,884,173"
"Apr 6, 2022",Fantastic Beasts: The Secrets of Dumbledore," $200,000,000"," $407,150,844"
"May 28, 2010",Prince of Persia: Sands of Time," $200,000,000"," $336,359,676"
"Oct 18, 2023",Killers of the Flower Moon," $200,000,000"," $156,432,918"
"Jun 5, 2019",Dark Phoenix," $200,000,000"," $246,356,895"
"Nov 22, 2023",Wish," $200,000,000"," $237,954,897"
"Feb 28, 2020",Onward," $200,000,000"," $133,357,601"
"Nov 22, 2023",Napoleon," $200,000,000"," $217,917,156"
"Dec 16, 2020",Wonder Woman 1984," $200,000,000"," $169,601,036"
"Jan 31, 2024",Argylle," $200,000,000"," $96,226,228"
"Dec 24, 2020",Soul," $200,000,000"," $120,068,830"
"Sep 4, 2020",Mulan," $200,000,000"," $69,973,540"
"Jul 2, 2021",The Tomorrow War," $200,000,000"," $19,220,000"
"Jul 13, 2022",The Gray Man," $200,000,000"," $451,178"
"Jun 29, 2011",Transformers: Dark of the Moon," $195,000,000"," $1,123,794,079"
"Jun 6, 2023",Transformers: Rise of the Beasts," $195,000,000"," $439,241,749"
"Jun 2, 2017",The Mummy," $195,000,000"," $409,953,905"
"Feb 27, 2013",Jack the Giant Slayer," $195,000,000"," $197,687,603"
"Apr 1, 2015",Furious 7," $190,000,000"," $1,511,986,364"
"Feb 28, 2024",Dune: Part Two," $190,000,000"," $714,711,520"
"May 16, 2013",Star Trek Into Darkness," $190,000,000"," $467,381,584"
"Jun 19, 2013",World War Z," $190,000,000"," $531,861,650"
"May 10, 2013",The Great Gatsby," $190,000,000"," $353,497,733"
"Nov 5, 2009",Disney’s A Christmas Carol," $190,000,000"," $315,709,697"
"Jul 11, 2013",Pacific Rim," $190,000,000"," $411,054,397"
"Oct 1, 2024",Joker: Folie à Deux," $190,000,000"," $207,500,287"
"Dec 16, 2021",The Matrix Resurrections," $190,000,000"," $160,163,197"
"Nov 25, 2015",The Good Dinosaur," $187,500,000"," $333,771,037"
"Apr 30, 2008",Iron Man," $186,000,000"," $584,877,827"
"Jul 11, 2008",The Dark Knight," $185,000,000"," $1,010,086,005"
"Jun 1, 2022",Jurassic World: Dominion," $185,000,000"," $1,004,004,592"
"May 22, 2008",Indiana Jones and the Kingdom of the Crystal Skull," $185,000,000"," $786,635,413"
"Jun 21, 2012",Brave," $185,000,000"," $554,606,532"
"Feb 23, 2017",Kong: Skull Island," $185,000,000"," $568,652,812"
"Jul 21, 2016",Star Trek Beyond," $185,000,000"," $335,673,708"
"Oct 17, 2019",Maleficent: Mistress of Evil," $185,000,000"," $489,181,357"
"Sep 29, 2017",Blade Runner 2049," $185,000,000"," $258,157,449"
"Oct 25, 2019",Terminator: Dark Fate," $185,000,000"," $250,367,666"
"Jul 28, 2021",The Suicide Squad," $185,000,000"," $168,717,425"
"May 22, 2019",Aladdin," $182,000,000"," $1,042,126,107"
"Oct 25, 2017",Thor: Ragnarok," $180,000,000"," $850,482,778"
"Dec 9, 2005","The Chronicles of Narnia: The Lion, the Witch a…"," $180,000,000"," $720,539,572"
"May 28, 2014",Maleficent," $180,000,000"," $758,536,735"
"Nov 14, 2016",Fantastic Beasts and Where to Find Them," $180,000,000"," $811,724,385"
"Jun 27, 2008",WALL-E," $180,000,000"," $532,508,025"
"Feb 12, 2025",Captain America: Brave New World," $180,000,000"," $414,826,365"
"Aug 10, 2007",Rush Hour 3," $180,000,000"," $256,585,882"
"Jun 27, 2016",The Legend of Tarzan," $180,000,000"," $348,902,025"
"Nov 23, 2011",Hugo," $180,000,000"," $180,047,784"
"Jul 20, 2017",Valerian and the City of a Thousand Planets," $180,000,000"," $215,098,356"
"Nov 22, 2022",Strange World," $180,000,000"," $74,741,679"
"Feb 6, 2015",Jupiter Ascending," $179,000,000"," $184,382,519"
"Jul 16, 2018",Mission: Impossible—Fallout," $178,000,000"," $786,626,183"
"May 18, 2016",X-Men: Apocalypse," $178,000,000"," $542,537,546"
"Aug 9, 2018",The Meg," $178,000,000"," $527,267,828"
"May 28, 2014",Edge of Tomorrow," $178,000,000"," $367,028,980"
"May 20, 2022",Top Gun: Maverick," $177,000,000"," $1,454,001,110"
"Mar 6, 2019",Captain Marvel," $175,000,000"," $1,129,576,094"
"Apr 7, 2016",The Jungle Book," $175,000,000"," $951,806,722"
"Jun 12, 2015",Inside Out," $175,000,000"," $850,309,035"
"Jul 5, 2017",Spider-Man: Homecoming," $175,000,000"," $878,852,749"
"Aug 2, 2016",Suicide Squad," $175,000,000"," $745,744,980"
"May 28, 2009",Up," $175,000,000"," $731,463,377"
"Oct 27, 2017",Coco," $175,000,000"," $796,397,165"
"Nov 21, 2018",Ralph Breaks The Internet," $175,000,000"," $529,290,830"
"Mar 27, 2009",Monsters vs. Aliens," $175,000,000"," $381,687,380"
"Jun 16, 2017",Cars 3," $175,000,000"," $383,541,369"
"Aug 7, 2009",G.I. Joe: The Rise of Cobra," $175,000,000"," $302,469,017"
"Jun 30, 1999",Wild Wild West," $175,000,000"," $221,229,335"
"Aug 1, 2008",The Mummy: Tomb of the Dragon Emperor," $175,000,000"," $405,760,225"
"Jun 22, 2007",Evan Almighty," $175,000,000"," $174,131,329"
"Jul 28, 1995",Waterworld," $175,000,000"," $264,246,220"
"Jan 8, 2020",Dolittle," $175,000,000"," $251,509,294"
"May 11, 2017",King Arthur: Legend of the Sword," $175,000,000"," $139,630,336"
"Dec 6, 2013",47 Ronin," $175,000,000"," $151,716,815"
"Mar 10, 2022",Turning Red," $175,000,000"," $12,271,142"
"Jun 6, 2018",Jurassic World: Fallen Kingdom," $170,000,000"," $1,308,323,302"
"Jul 31, 2014",Guardians of the Galaxy," $170,000,000"," $770,882,395"
"Apr 29, 2010",Iron Man 2," $170,000,000"," $621,156,389"
"Mar 28, 2014",Captain America: The Winter Soldier," $170,000,000"," $714,401,889"
"Jul 9, 2014",Dawn of the Planet of the Apes," $170,000,000"," $710,644,566"
"Nov 10, 2004",The Polar Express," $170,000,000"," $320,838,625"
"May 30, 2012",Snow White and the Huntsman," $170,000,000"," $401,021,746"
"Jul 1, 2003",Terminator 3: Rise of the Machines," $170,000,000"," $433,058,296"
"May 5, 2004",Van Helsing," $170,000,000"," $300,150,546"
"Mar 27, 2019",Dumbo," $170,000,000"," $353,166,307"
"May 29, 2019",Godzilla: King of the Monsters," $170,000,000"," $383,299,914"
"May 20, 2015",Tomorrowland," $170,000,000"," $206,627,518"
"Feb 1, 2019",Alita: Battle Angel," $170,000,000"," $401,900,040"
"May 20, 2016",Alice Through the Looking Glass," $170,000,000"," $276,928,112"
"May 22, 2024",Furiosa: A Mad Max Saga," $168,000,000"," $174,287,546"
"May 21, 2010",Shrek Forever After," $165,000,000"," $756,244,673"
"Oct 24, 2016",Doctor Strange," $165,000,000"," $676,343,174"
"Oct 25, 2014",Big Hero 6," $165,000,000"," $647,263,005"
"Mar 26, 2010",How to Train Your Dragon," $165,000,000"," $495,141,736"
"Nov 5, 2014",Interstellar," $165,000,000"," $641,756,828"
"Nov 1, 2012",Wreck-It Ralph," $165,000,000"," $496,511,521"
"Sep 15, 2021",Dune," $165,000,000"," $429,686,682"
"Jun 22, 2016",Independence Day: Resurgence," $165,000,000"," $384,169,424"
"Jul 29, 2011",Cowboys and Aliens," $163,000,000"," $176,038,324"
"Mar 16, 2017",Beauty and the Beast," $160,000,000"," $1,260,691,100"
"Jun 27, 2019",Spider-Man: Far From Home," $160,000,000"," $1,132,298,674"
"Dec 6, 2018",Aquaman," $160,000,000"," $1,131,849,702"
"May 17, 2007",Shrek the Third," $160,000,000"," $807,330,936"
"Jul 16, 2010",Inception," $160,000,000"," $826,873,382"
"Nov 18, 2015",The Hunger Games: Mockingjay - Part 2," $160,000,000"," $646,219,954"
"May 17, 2013",Fast and Furious 6," $160,000,000"," $789,300,444"
"May 14, 2014",Godzilla," $160,000,000"," $529,076,069"
"May 8, 2024",Kingdom of the Planet of the Apes," $160,000,000"," $397,369,969"
"Jun 3, 2011",X-Men: First Class," $160,000,000"," $355,408,305"
"Dec 25, 2008",The Curious Case of Benjamin Button," $160,000,000"," $329,631,958"
"Jul 14, 2010",The Sorcerer's Apprentice," $160,000,000"," $217,986,320"
"May 12, 2006",Poseidon," $160,000,000"," $181,674,817"
"May 25, 2016",Warcraft," $160,000,000"," $438,899,824"
"Nov 1, 2019",The Irishman," $159,000,000"," $914,706"
"Sep 29, 2016",Deepwater Horizon," $156,000,000"," $122,333,118"
"Jul 11, 2024",Twisters," $155,000,000"," $372,086,959"
"Dec 10, 2010",The Chronicles of Narnia: The Voyage of the Daw…," $155,000,000"," $418,186,950"
"Mar 25, 2021",Godzilla vs. Kong," $155,000,000"," $470,116,094"
"Jun 24, 2015",Terminator: Genisys," $155,000,000"," $432,150,894"
"Mar 16, 2018",Pacific Rim: Uprising," $155,000,000"," $290,930,148"
"Nov 24, 2004",Alexander," $155,000,000"," $167,297,191"
"Apr 17, 2025",Michael," $155,000,000", $0
"Jul 14, 2017",War for the Planet of the Apes," $152,000,000"," $489,592,267"
"May 25, 2001",Pearl Harbor," $151,500,000"," $449,239,853"
"Jun 28, 2007",Transformers," $151,000,000"," $708,272,592"
"Nov 20, 2019",Frozen II," $150,000,000"," $1,451,653,316"
"Nov 27, 2024",Moana 2," $150,000,000"," $1,059,269,477"
"May 29, 2017",Wonder Woman," $150,000,000"," $817,691,766"
"Nov 22, 2013",Frozen," $150,000,000"," $1,270,089,468"
"Apr 2, 2025",A Minecraft Movie," $150,000,000"," $814,953,914"
"Feb 10, 2016",Zootopia," $150,000,000"," $1,025,485,003"
"Jul 11, 2007",Harry Potter and the Order of the Phoenix," $150,000,000"," $937,961,254"
"Nov 18, 2005",Harry Potter and the Goblet of Fire," $150,000,000"," $886,112,502"
"May 15, 2003",The Matrix Reloaded," $150,000,000"," $738,576,929"
"Dec 14, 2007",I am Legend," $150,000,000"," $585,532,684"
"Jan 27, 2016",Moana," $150,000,000"," $684,654,985"
"Jul 1, 2008",Hancock," $150,000,000"," $624,234,272"
"Sep 1, 2021",Shang-Chi and the Legend of the Ten Rings," $150,000,000"," $432,224,634"
"Jul 15, 2005",Charlie and the Chocolate Factory," $150,000,000"," $475,825,484"
"Jun 29, 2007",Ratatouille," $150,000,000"," $626,549,695"
"Oct 30, 2013",Thor: The Dark World," $150,000,000"," $644,602,516"
"Jun 15, 2005",Batman Begins," $150,000,000"," $356,770,593"
"Jul 29, 2015",Mission: Impossible—Rogue Nation," $150,000,000"," $688,858,992"
"Jul 18, 2017",Dunkirk," $150,000,000"," $509,736,928"
"Apr 29, 2011",Thor," $150,000,000"," $449,326,618"
"Nov 7, 2008",Madagascar: Escape 2 Africa," $150,000,000"," $599,680,774"
"May 1, 2009",X-Men Origins: Wolverine," $150,000,000"," $374,825,760"
"May 22, 2009",Night at the Museum: Battle of the Smithsonian," $150,000,000"," $402,231,063"
"May 26, 2011",Kung Fu Panda 2," $150,000,000"," $664,837,547"
"May 14, 2015",Mad Max: Fury Road," $150,000,000"," $380,463,726"
"May 3, 2019",Pokémon: Detective Pikachu," $150,000,000"," $428,919,826"
"Nov 5, 2003",The Matrix Revolutions," $150,000,000"," $427,300,260"
"Mar 20, 2018",Ready Player One," $150,000,000"," $579,055,653"
"Nov 4, 2005",Chicken Little," $150,000,000"," $310,043,823"
"May 5, 2006",Mission: Impossible III," $150,000,000"," $399,387,745"
"May 15, 2009",Angels & Demons," $150,000,000"," $490,875,846"
"May 13, 2004",Troy," $150,000,000"," $483,152,040"
"Jul 1, 2010",The Last Airbender," $150,000,000"," $319,713,881"
"Nov 2, 2007",Bee Movie," $150,000,000"," $287,594,577"
"Jul 24, 2009",G-Force," $150,000,000"," $292,817,841"
"Nov 21, 2008",Bolt," $150,000,000"," $328,015,029"
"Nov 24, 2021",Encanto," $150,000,000"," $230,815,162"
"Mar 2, 2023",Dungeons & Dragons: Honor Among Thieves," $150,000,000"," $207,854,947"
"Mar 28, 2012",Wrath of the Titans," $150,000,000"," $305,270,083"
"Nov 16, 2007",Beowulf," $150,000,000"," $195,080,579"
"May 9, 2012",Dark Shadows," $150,000,000"," $245,564,215"
"Jun 28, 2013",White House Down," $150,000,000"," $205,440,387"
"Jul 14, 2021",Space Jam: A New Legacy," $150,000,000"," $163,692,228"
"Jul 26, 2023",Haunted Mansion," $150,000,000"," $117,449,790"
"Feb 12, 2010",The Wolfman," $150,000,000"," $142,634,358"
"Dec 15, 2016",The Great Wall," $150,000,000"," $334,486,852"
"Sep 25, 2015",Pan," $150,000,000"," $151,525,973"
"Mar 11, 2011",Mars Needs Moms," $150,000,000"," $39,549,758"
"Feb 3, 2022",Moonfall," $150,000,000"," $59,053,195"
"Nov 4, 2021",Red Notice," $150,000,000"," $173,638"
"Jul 3, 2024",Beverly Hills Cop: Axel F," $150,000,000", $0
"Dec 13, 2019",6 Underground," $150,000,000", $0
"Nov 3, 2006",Flushed Away," $149,000,000"," $179,357,126"
"Jul 19, 2023",Barbie," $145,000,000"," $1,444,459,229"
"Nov 20, 2024",Wicked," $145,000,000"," $751,566,216"
"Jun 8, 2012",Madagascar 3: Europe's Most Wanted," $145,000,000"," $746,921,271"
"Dec 14, 2011",Mission: Impossible—Ghost Protocol," $145,000,000"," $694,713,230"
"Jun 5, 2014",How to Train Your Dragon 2," $145,000,000"," $614,586,270"
"Jun 16, 1999",Tarzan," $145,000,000"," $448,191,819"
"Feb 20, 2014",Mr. Peabody & Sherman," $145,000,000"," $269,806,430"
"Nov 20, 2012",Rise of the Guardians," $145,000,000"," $306,941,670"
"Apr 8, 2005",Sahara," $145,000,000"," $121,645,390"
"Jul 13, 2016",Ghostbusters," $144,000,000"," $229,008,658"
"Nov 22, 2002",Die Another Day," $142,000,000"," $431,942,139"
"Jul 9, 2003",Pirates of the Caribbean: The Curse of the Blac…," $140,000,000"," $654,310,819"
"May 8, 2009",Star Trek," $140,000,000"," $386,839,614"
"Jul 1, 1998",Armageddon," $140,000,000"," $554,600,000"
"Jul 3, 2002",Men in Black 2," $140,000,000"," $441,767,803"
"Jul 22, 2011",Captain America: The First Avenger," $140,000,000"," $370,569,776"
"Jan 23, 2016",Kung Fu Panda 3," $140,000,000"," $520,189,225"
"Jul 10, 1998",Lethal Weapon 4," $140,000,000"," $285,400,000"
"Mar 27, 2013",G.I. Joe: Retaliation," $140,000,000"," $375,740,705"
"Dec 5, 2003",The Last Samurai," $140,000,000"," $456,810,575"
"Dec 21, 2005",Fun with Dick & Jane," $140,000,000"," $203,018,919"
"Dec 5, 2014",Exodus: Gods and Kings," $140,000,000"," $268,314,513"
"Jun 30, 2016",The BFG," $140,000,000"," $199,646,680"
"Oct 3, 2019",Gemini Man," $140,000,000"," $166,598,362"
"Feb 24, 2016",Gods of Egypt," $140,000,000"," $138,836,756"
Unknown,Desert Warrior," $140,000,000", $0
"Sep 24, 2025",One Battle After Another," $140,000,000", $0
"May 3, 2002",Spider-Man," $139,000,000"," $822,652,858"
"Mar 6, 2009",Watchmen," $138,000,000"," $186,976,250"
"Jul 29, 2005",Stealth," $138,000,000"," $76,416,746"
"Jun 13, 2008",The Incredible Hulk," $137,500,000"," $265,573,859"
"Jun 20, 2003",Hulk," $137,000,000"," $245,031,679"
"Jul 11, 2001",Final Fantasy: The Spirits Within," $137,000,000"," $85,131,830"
"Nov 14, 2012","The Twilight Saga: Breaking Dawn, Part 2"," $136,200,000"," $829,724,737"
"Mar 27, 2024",Godzilla x Kong: The New Empire," $135,000,000"," $572,305,338"
"Mar 15, 2013",The Croods," $135,000,000"," $573,068,425"
"Dec 25, 2015",The Revenant," $135,000,000"," $532,938,302"
"Nov 19, 1999",The World is Not Enough," $135,000,000"," $361,730,660"
"Mar 4, 2011",Rango," $135,000,000"," $245,724,600"
"Nov 14, 2003",Master and Commander: The Far Side of the World," $135,000,000"," $212,912,137"
"Jul 17, 2013",Turbo," $135,000,000"," $286,896,578"
"Jun 2, 2016",Teenage Mutant Ninja Turtles: Out of the Shadows," $135,000,000"," $245,328,374"
"Nov 18, 2011",Happy Feet Two," $135,000,000"," $157,956,462"
"Jul 28, 2006",Miami Vice," $135,000,000"," $164,920,076"
"Oct 31, 2018",The Nutcracker and the Four Realms," $132,900,000"," $170,024,300"
"Jun 24, 2005",War of the Worlds," $132,000,000"," $606,836,535"
"Nov 26, 2014",Penguins of Madagascar," $132,000,000"," $366,942,531"
"Nov 15, 2013",The Hunger Games: Catching Fire," $130,000,000"," $864,808,014"
"May 31, 2004",Harry Potter and the Prisoner of Azkaban," $130,000,000"," $784,234,714"
"Aug 3, 2007",The Bourne Ultimatum," $130,000,000"," $444,043,396"
"Jul 3, 2018",Ant-Man and the Wasp," $130,000,000"," $623,144,660"
"Jun 6, 2008",Kung Fu Panda," $130,000,000"," $632,203,486"
"Jul 14, 2015",Ant-Man," $130,000,000"," $518,858,449"
"Mar 19, 2015",Home," $130,000,000"," $385,997,896"
"Dec 19, 2018",Mary Poppins Returns," $130,000,000"," $345,606,500"
"Oct 28, 2011",Puss in Boots," $130,000,000"," $554,987,477"
"Nov 5, 2010",Megamind," $130,000,000"," $321,887,208"
"Jul 18, 2003",Bad Boys II," $130,000,000"," $273,271,982"
"Mar 20, 2014",Rio 2," $130,000,000"," $492,846,291"
"Jul 23, 2010",Salt," $130,000,000"," $290,650,494"
"Mar 27, 2014",Noah," $130,000,000"," $352,831,065"
"Oct 28, 2011",The Adventures of Tintin," $130,000,000"," $373,993,951"
"May 31, 2013",After Earth," $130,000,000"," $251,499,665"
"Nov 26, 2008",Australia," $130,000,000"," $215,080,810"
"Jul 19, 2013",R.I.P.D.," $130,000,000"," $79,076,678"
"Jan 3, 2019",How to Train Your Dragon: The Hidden World," $129,000,000"," $520,979,901"
"Jul 29, 2023",Meg 2: The Trench," $129,000,000"," $397,833,033"
"Nov 18, 2011","The Twilight Saga: Breaking Dawn, Part 1"," $127,500,000"," $682,235,400"
"May 19, 2000",Dinosaur," $127,500,000"," $356,148,063"
"Feb 23, 2017",Logan," $127,000,000"," $614,202,315"
"Dec 18, 2014",Night at the Museum: Secret of the Tomb," $127,000,000"," $353,756,621"
"Jul 13, 2011",Harry Potter and the Deathly Hallows: Part II," $125,000,000"," $1,311,412,625"
"Nov 19, 2014",The Hunger Games: Mockingjay - Part 1," $125,000,000"," $766,575,131"
"Nov 15, 2001",Harry Potter and the Sorcerer’s Stone," $125,000,000"," $962,578,450"
"Dec 4, 2019",Jumanji: The Next Level," $125,000,000"," $792,472,668"
"Nov 17, 2010",Harry Potter and the Deathly Hallows: Part I," $125,000,000"," $943,476,160"
"Dec 6, 2023",Wonka," $125,000,000"," $633,576,416"
"May 19, 2006",The Da Vinci Code," $125,000,000"," $767,820,459"
"Apr 30, 2003",X-Men 2," $125,000,000"," $406,348,630"
"Apr 21, 2011",Fast Five," $125,000,000"," $629,975,898"
"Aug 8, 2014",Teenage Mutant Ninja Turtles," $125,000,000"," $485,004,754"
"Dec 16, 2011",Sherlock Holmes: A Game of Shadows," $125,000,000"," $535,663,443"
"May 27, 2004",The Day After Tomorrow," $125,000,000"," $555,840,117"
"Mar 17, 2017",The Boss Baby," $125,000,000"," $527,909,949"
"Apr 1, 2010",Clash of the Titans," $125,000,000"," $493,214,888"
"Oct 12, 2016",Trolls," $125,000,000"," $342,831,709"
"May 19, 1998",Godzilla," $125,000,000"," $376,000,000"
"May 30, 2012",Prometheus," $125,000,000"," $402,448,265"
"Aug 10, 2012",The Bourne Legacy," $125,000,000"," $280,355,920"
"Jun 20, 1997",Batman & Robin," $125,000,000"," $238,317,814"
"Mar 1, 2024",The Fall Guy," $125,000,000"," $181,218,674"
"Jul 5, 2018",Skyscraper," $125,000,000"," $304,858,121"
"Jan 3, 2020",The Call of the Wild," $125,000,000"," $107,351,191"
"Aug 3, 2012",Total Recall," $125,000,000"," $211,856,088"
"Mar 15, 2023",Shazam! Fury of the Gods," $125,000,000"," $134,221,819"
"Dec 21, 2016",Assassin’s Creed," $125,000,000"," $240,759,682"
"Dec 29, 2016",Monster Trucks," $125,000,000"," $61,642,798"
"Aug 27, 1999",The 13th Warrior," $125,000,000"," $61,698,899"
"Nov 17, 2000",How the Grinch Stole Christmas," $123,000,000"," $347,522,208"
"Dec 19, 2024",Sonic the Hedgehog 3," $122,000,000"," $489,902,793"
"May 24, 2000",Mission: Impossible 2," $120,000,000"," $549,588,516"
"Jun 30, 2000",The Perfect Storm," $120,000,000"," $328,711,434"
"Jul 20, 2016",Jason Bourne," $120,000,000"," $416,168,316"
"Feb 10, 2022",Uncharted," $120,000,000"," $407,141,258"
"Jun 15, 2007",Fantastic Four: Rise of the Silver Surfer," $120,000,000"," $289,480,691"
"Nov 21, 2012",Life of Pi," $120,000,000"," $619,310,368"
"Feb 16, 2007",Ghost Rider," $120,000,000"," $229,545,589"
"Apr 9, 2018",Rampage," $120,000,000"," $427,947,217"
"Jun 27, 2003",Charlie's Angels: Full Throttle," $120,000,000"," $227,163,273"
"Aug 9, 2013",Elysium," $120,000,000"," $286,192,091"
"Apr 19, 2013",Oblivion," $120,000,000"," $287,916,633"
"Mar 24, 2017",Power Rangers," $120,000,000"," $142,531,552"
"Aug 16, 2023",Blue Beetle," $120,000,000"," $130,841,501"
"Jul 19, 2002",Stuart Little 2," $120,000,000"," $166,000,000"
"Feb 12, 2014",RoboCop," $120,000,000"," $242,981,799"
"Jun 11, 2004",The Chronicles of Riddick," $120,000,000"," $107,212,751"
"Aug 5, 2015",The Fantastic Four," $120,000,000"," $167,849,187"
"May 9, 2008",Speed Racer," $120,000,000"," $93,394,462"
"Jul 22, 2005",The Island," $120,000,000"," $163,018,913"
"Dec 17, 2010",How Do You Know?," $120,000,000"," $49,628,177"
"Nov 9, 2018",Outlaw King," $120,000,000", $0
"Dec 2, 2022",Emancipation," $120,000,000", $0
"Feb 28, 2025",Mickey 17," $118,000,000"," $126,828,338"
"Jun 23, 2010",Knight and Day," $117,000,000"," $258,751,370"
"Jan 25, 2021",Detective Chinatown 3 (?????3)," $117,000,000"," $570,051,257"
"Oct 2, 2018",Venom," $116,000,000"," $856,081,053"
"May 19, 1999",Star Wars Ep. I: The Phantom Menace," $115,000,000"," $1,046,513,456"
"May 18, 2005",Star Wars Ep. III: Revenge of the Sith," $115,000,000"," $891,493,926"
"May 16, 2002",Star Wars Ep. II: Attack of the Clones," $115,000,000"," $656,695,615"
"Nov 2, 2001","Monsters, Inc."," $115,000,000"," $560,483,719"
"Jul 26, 2013",The Wolverine," $115,000,000"," $416,456,852"
"Feb 7, 1997",Dante’s Peak," $115,000,000"," $178,200,000"
"Apr 6, 2016",The Huntsman: Winter’s War," $115,000,000"," $165,149,302"
"Jun 14, 2002",Windtalkers," $115,000,000"," $77,628,265"
"Mar 6, 2019",Triple Frontier," $115,000,000", $0
"Jul 4, 2008",Astérix aux Jeux Olympiques," $113,500,000"," $132,999,811"
"Dec 24, 2010",Gulliver's Travels," $112,000,000"," $232,017,848"
"Dec 8, 2017",Ferdinand," $111,000,000"," $307,491,645"
"May 11, 2018",Deadpool 2," $110,000,000"," $786,362,370"
"Oct 3, 2013",Gravity," $110,000,000"," $684,657,731"
"Dec 22, 2006",Night at the Museum," $110,000,000"," $579,446,407"
"Sep 30, 2021",Venom: Let There be Carnage," $110,000,000"," $501,546,922"
"Jun 10, 2005",Mr. and Mrs. Smith," $110,000,000"," $486,124,090"
"Dec 2, 2022",Puss in Boots: The Last Wish," $110,000,000"," $484,329,137"
"May 27, 2015",San Andreas," $110,000,000"," $474,590,832"
"Jul 29, 2011",The Smurfs," $110,000,000"," $563,749,323"
"Oct 23, 2024",Venom: The Last Dance," $110,000,000"," $474,492,936"
"Jun 27, 2007",Live Free or Die Hard," $110,000,000"," $382,288,147"
"Mar 18, 2015",The Divergent Series: Insurgent," $110,000,000"," $295,075,882"
"Dec 10, 2004",Ocean’s Twelve," $110,000,000"," $362,989,076"
"Dec 19, 1997",Tomorrow Never Dies," $110,000,000"," $339,504,276"
"Jun 28, 2000",The Patriot," $110,000,000"," $215,300,000"
"May 8, 2024",IF," $110,000,000"," $184,898,670"
"Mar 7, 2014",300: Rise of an Empire," $110,000,000"," $330,780,051"
"Dec 17, 2004",The Aviator," $110,000,000"," $208,370,892"
"Dec 21, 2016",Passengers," $110,000,000"," $302,239,672"
"Jan 14, 2011",The Green Hornet," $110,000,000"," $229,155,503"
"Sep 21, 2016",Miss Peregrine’s Home for Peculiar Children," $110,000,000"," $295,986,876"
"Oct 7, 2011",Real Steel," $110,000,000"," $263,880,341"
"Jun 12, 2019",Men in Black: International," $110,000,000"," $254,310,003"
"Jun 11, 2010",The A-Team," $110,000,000"," $177,241,171"
"Jul 31, 2013",The Smurfs 2," $110,000,000"," $348,547,523"
"Mar 9, 2016",The Divergent Series: Allegiant," $110,000,000"," $172,022,517"
"Jun 12, 2009",The Taking of Pelham 123," $110,000,000"," $152,364,370"
"Oct 25, 2013",Ender’s Game," $110,000,000"," $127,983,283"
"Apr 2, 2004",Home on the Range," $110,000,000"," $76,482,461"
"Jan 1, 1997",Speed 2: Cruise Control," $110,000,000"," $150,468,000"
"May 6, 2005",Kingdom of Heaven," $110,000,000"," $218,674,938"
"Mar 23, 2017",Ghost in the Shell," $110,000,000"," $167,910,690"
"Aug 29, 2024",Kraven the Hunter," $110,000,000"," $60,011,428"
"Jun 16, 2004",Around the World in 80 Days," $110,000,000"," $72,004,159"
"Nov 21, 2003",Dr. Seuss’ The Cat in the Hat," $109,000,000"," $133,818,283"
"Dec 25, 2001",Ali," $109,000,000"," $87,683,966"
"Sep 30, 2015",The Martian," $108,000,000"," $653,609,107"
"Nov 20, 2016",Allied," $106,000,000"," $119,266,661"
"Jul 16, 2004","I, Robot"," $105,000,000"," $348,629,585"
"Dec 17, 1999",Stuart Little," $105,000,000"," $298,815,224"
"Nov 25, 2009",The Princess and the Frog," $105,000,000"," $270,997,378"
"Mar 7, 2008","10,000 B.C."," $105,000,000"," $269,065,678"
"Jul 1, 2016",Ice Age: Collision Course," $105,000,000"," $402,156,682"
"Nov 7, 1997",Starship Troopers," $105,000,000"," $121,099,956"
"Apr 27, 2001",Town & Country," $105,000,000"," $10,364,769"
"Sep 19, 2017",Kingsman: The Golden Circle," $104,000,000"," $408,803,696"
"Jun 9, 2000",Gone in 60 Seconds," $103,300,000"," $232,643,008"
"May 1, 2000",Gladiator," $103,000,000"," $451,683,599"
"May 23, 2013",The Hangover 3," $103,000,000"," $362,000,072"
"Mar 9, 2018",A Wrinkle in Time," $103,000,000"," $133,214,549"
"Jul 1, 2009",Public Enemies," $102,500,000"," $212,282,709"
"Nov 17, 2006",Casino Royale," $102,000,000"," $594,420,216"
"Jun 21, 2002",Minority Report," $102,000,000"," $358,824,714"
"Dec 13, 2018",Bumblebee," $102,000,000"," $464,731,819"
"Oct 26, 2012",Cloud Atlas," $102,000,000"," $130,673,154"
"Apr 4, 2023",The Super Mario Bros. Movie," $100,000,000"," $1,359,146,628"
"May 31, 2023",Spider-Man: Across the Spider-Verse," $100,000,000"," $681,138,413"
"Jun 16, 2022",Minions: The Rise of Gru," $100,000,000"," $937,706,494"
"Jun 20, 2024",Despicable Me 4," $100,000,000"," $971,315,095"
"Jul 19, 2023",Oppenheimer," $100,000,000"," $976,264,539"
"Sep 4, 2024",Beetlejuice Beetlejuice," $100,000,000"," $451,900,435"
"Nov 15, 2002",Harry Potter and the Chamber of Secrets," $100,000,000"," $876,152,709"
"Jul 2, 1991",Terminator 2: Judgment Day," $100,000,000"," $515,344,899"
"Jun 5, 2024",Bad Boys: Ride or Die," $100,000,000"," $400,526,237"
"Mar 22, 2023",John Wick: Chapter 4," $100,000,000"," $440,320,578"
"Jun 16, 1995",Batman Forever," $100,000,000"," $336,688,945"
"Jul 27, 2001",Planet of the Apes," $100,000,000"," $362,211,740"
"Nov 19, 2004",National Treasure," $100,000,000"," $331,323,410"
"Nov 15, 2023",The Hunger Games: The Ballad of Songbirds & Snakes," $100,000,000"," $347,999,047"
"Dec 25, 2012",Django Unchained," $100,000,000"," $449,841,566"
"Dec 25, 2019",1917," $100,000,000"," $383,710,072"
"Dec 22, 2010",Little Fockers," $100,000,000"," $310,650,574"
"Jul 15, 1994",True Lies," $100,000,000"," $365,300,000"
"Nov 2, 2007",American Gangster," $100,000,000"," $267,985,456"
"Sep 18, 2009",Cloudy with a Chance of Meatballs," $100,000,000"," $236,827,677"
"Aug 6, 2010",The Other Guys," $100,000,000"," $170,936,470"
"Dec 17, 2004",Lemony Snicket's A Series of Unfortunate Events," $100,000,000"," $212,956,024"
"Dec 25, 2013",The Wolf of Wall Street," $100,000,000"," $389,816,136"
"Mar 20, 2024",Ghostbusters: Frozen Empire," $100,000,000"," $199,941,000"
"May 24, 2013",Epic," $100,000,000"," $262,794,441"
"Jun 21, 1996",Eraser," $100,000,000"," $234,400,000"
"Jun 21, 1996",The Hunchback of Notre Dame," $100,000,000"," $325,500,000"
"Dec 15, 2000",The Emperor's New Groove," $100,000,000"," $169,630,573"
"Aug 15, 2012",The Expendables 2," $100,000,000"," $311,979,256"
"Oct 16, 2009",Where the Wild Things Are," $100,000,000"," $99,123,656"
"Dec 15, 2006",Eragon," $100,000,000"," $249,488,115"
"Jul 23, 2014",Hercules," $100,000,000"," $243,388,614"
"Dec 10, 2010",The Tourist," $100,000,000"," $278,731,369"
"Nov 24, 1999",End of Days," $100,000,000"," $212,026,975"
"Dec 25, 2019",Spies in Disguise," $100,000,000"," $165,124,093"
"Jun 11, 2004",The Stepford Wives," $100,000,000"," $96,150,482"
"Jun 8, 2007",Surf’s Up," $100,000,000"," $145,395,745"
"Dec 8, 2006",Blood Diamond," $100,000,000"," $171,377,916"
"Nov 7, 2019",Midway," $100,000,000"," $126,787,360"
"Sep 24, 2010",Legend of the Guardians: The Owls of Ga'Hoole," $100,000,000"," $139,716,717"
"Jun 17, 1977",The Deep," $100,000,000"," $50,681,884"
"Jun 5, 2009",Land of the Lost," $100,000,000"," $69,548,641"
"Dec 18, 2003",Peter Pan," $100,000,000"," $95,255,485"
"Mar 15, 2019",Wonder Park," $100,000,000"," $115,103,325"
"Jul 23, 2004",Catwoman," $100,000,000"," $82,078,046"
"Aug 14, 2014",The Expendables 3," $100,000,000"," $209,461,378"
"Dec 8, 2021",West Side Story," $100,000,000"," $74,829,369"
"Nov 27, 2002",Treasure Planet," $100,000,000"," $91,800,000"
"Dec 22, 2021",The King’s Man," $100,000,000"," $121,125,300"
"Mar 12, 2010",Green Zone," $100,000,000"," $97,523,020"
"Oct 13, 2017",Geostorm," $100,000,000"," $220,796,009"
"Dec 2, 2015",Point Break," $100,000,000"," $133,782,481"
"Dec 17, 2019",Cats," $100,000,000"," $75,323,946"
"Nov 26, 2015",In the Heart of the Sea," $100,000,000"," $94,320,758"
"Apr 18, 2014",Transcendence," $100,000,000"," $103,039,258"
"Jul 5, 2024",Fly Me to the Moon," $100,000,000"," $38,198,351"
"Feb 18, 2005",Son of the Mask," $100,000,000"," $59,918,422"
"Sep 15, 2023",Expend4bles," $100,000,000"," $51,133,603"
"Dec 5, 2018",Mortal Engines," $100,000,000"," $85,481,904"
"Feb 3, 2021",Chaos Walking," $100,000,000"," $27,072,169"
"Oct 13, 2021",The Last Duel," $100,000,000"," $30,080,003"
"Aug 16, 2002",The Adventures of Pluto Nash," $100,000,000"," $7,094,995"
"Jan 20, 2012",Jin líng shí san chai," $100,000,000"," $98,227,017"
"Oct 22, 2020",The Witches," $100,000,000"," $29,100,000"
"Dec 9, 2020",The Midnight Sky," $100,000,000"," $75,615"
"Jun 12, 2020",Artemis Fowl," $100,000,000", $0
"Nov 5, 2025",Predator: Badlands," $100,000,000", $0
"Nov 5, 2015",The Peanuts Movie," $99,000,000"," $250,091,610"
"Feb 6, 2019",The LEGO Movie 2: The Second Part," $99,000,000"," $192,306,508"
"Nov 21, 2018",Robin Hood," $99,000,000"," $85,210,012"
"May 4, 2001",The Mummy Returns," $98,000,000"," $435,040,395"
"Nov 14, 2019",Ford v. Ferrari," $97,600,000"," $224,390,706"
"Dec 20, 2002",Gangs of New York," $97,000,000"," $183,124,621"
"May 4, 2017",Alien: Covenant," $97,000,000"," $238,521,247"
"Mar 6, 2015",Cinderella," $95,000,000"," $542,351,353"
"Jun 27, 2012",Ice Age: Continental Drift," $95,000,000"," $879,765,137"
"Dec 28, 2001",Black Hawk Down," $95,000,000"," $159,691,085"
"Oct 12, 2023",Trolls Band Together," $95,000,000"," $210,651,834"
"May 27, 2010",Sex and the City 2," $95,000,000"," $294,680,778"
"Feb 12, 2010",Percy Jackson & the Olympians: The Lightning Thief," $95,000,000"," $223,050,874"
"Aug 10, 2012",The Campaign," $95,000,000"," $104,907,746"
"Nov 12, 2010",Unstoppable," $95,000,000"," $165,720,921"
"May 9, 1997",The Fifth Element," $95,000,000"," $263,892,271"
"Mar 31, 2000",The Road to El Dorado," $95,000,000"," $65,700,000"
"Dec 11, 2009",The Lovely Bones," $95,000,000"," $94,894,448"
"Jun 30, 2016",Ben-Hur," $95,000,000"," $91,669,648"
"Dec 14, 2023",Ferrari," $95,000,000"," $40,989,660"
"Dec 19, 2014",Seventh Son," $95,000,000"," $108,874,967"
"Dec 17, 2003",The Lord of the Rings: The Return of the King," $94,000,000"," $1,123,837,908"
"May 30, 2003",Finding Nemo," $94,000,000"," $936,094,852"
"Dec 18, 2002",The Lord of the Rings: The Two Towers," $94,000,000"," $921,711,177"
"Jun 15, 2001",Lara Croft: Tomb Raider," $94,000,000"," $273,330,185"
"Jan 29, 2015",Kingsman: The Secret Service," $94,000,000"," $404,561,724"
"Dec 19, 2001",The Lord of the Rings: The Fellowship of the Ring," $93,000,000"," $894,291,662"
"Jul 18, 2001",Jurassic Park III," $93,000,000"," $365,900,000"
"Aug 5, 2011",Rise of the Planet of the Apes," $93,000,000"," $470,986,200"
"Feb 14, 2008",The Spiderwick Chronicles," $92,500,000"," $162,839,667"
"Oct 22, 2004",The Incredibles," $92,000,000"," $631,441,092"
"Feb 6, 2013",A Good Day to Die Hard," $92,000,000"," $304,249,198"
"Apr 9, 2004",The Alamo," $92,000,000"," $23,911,362"
"Dec 22, 1995",Cutthroat Island," $92,000,000"," $18,517,322"
"Dec 19, 2013",The Secret Life of Walter Mitty," $91,000,000"," $187,861,183"
"Dec 20, 2017",Jumanji: Welcome to the Jungle," $90,000,000"," $961,632,807"
"Jul 1, 1997",Men in Black," $90,000,000"," $587,790,539"
"Nov 19, 1999",Toy Story 2," $90,000,000"," $511,358,276"
"Aug 3, 2001",Rush Hour 2," $90,000,000"," $347,425,832"
"Dec 25, 2009",Sherlock Holmes," $90,000,000"," $498,438,212"
"Jan 15, 2020",Bad Boys For Life," $90,000,000"," $424,471,663"
"Jul 1, 2009",Ice Age: Dawn of the Dinosaurs," $90,000,000"," $886,686,817"
"Mar 30, 2022",Sonic the Hedgehog 2," $90,000,000"," $403,824,597"
"Dec 12, 2018",Spider-Man: Into The Spider-Verse 3D," $90,000,000"," $373,807,069"
"Jul 21, 2000",What Lies Beneath," $90,000,000"," $288,693,989"
"Feb 13, 2020",Sonic The Hedgehog," $90,000,000"," $302,452,077"
"Apr 7, 2011",Rio," $90,000,000"," $487,517,241"
"Jul 24, 2019",Once Upon a Time…in Hollywood," $90,000,000"," $377,426,903"
"Oct 6, 2006",The Departed," $90,000,000"," $289,660,619"
"Nov 3, 2000",Charlie's Angels," $90,000,000"," $259,736,090"
"Apr 16, 2025",Sinners," $90,000,000"," $163,034,091"
"Jun 19, 1998",Mulan," $90,000,000"," $303,500,000"
"Aug 13, 2008",Tropic Thunder," $90,000,000"," $191,145,256"
"Dec 20, 2011",The Girl with the Dragon Tattoo," $90,000,000"," $239,373,970"
"Jul 11, 1997",Contact," $90,000,000"," $165,900,000"
"Jun 6, 2008",You Don’t Mess With the Zohan," $90,000,000"," $202,910,991"
"May 19, 1995",Die Hard: With a Vengeance," $90,000,000"," $366,101,666"
"Jul 27, 2022",DC League of Super Pets," $90,000,000"," $207,557,117"
"Sep 12, 2016",The Magnificent Seven," $90,000,000"," $162,122,642"
"Dec 18, 2015",Alvin and the Chipmunks: The Road Chip," $90,000,000"," $249,517,956"
"Jun 8, 2001",Atlantis: The Lost Empire," $90,000,000"," $186,049,020"
"Dec 25, 2008",Valkyrie," $90,000,000"," $203,932,174"
"Jul 16, 2015",Pixels," $90,000,000"," $244,041,804"
"Jun 29, 2001",Artificial Intelligence: AI," $90,000,000"," $235,900,000"
"Nov 26, 2003",The Haunted Mansion," $90,000,000"," $155,750,628"
"Aug 4, 2000",Hollow Man," $90,000,000"," $191,200,000"
"Apr 22, 2005",The Interpreter," $90,000,000"," $162,753,837"
"Aug 7, 2013",Percy Jackson: Sea of Monsters," $90,000,000"," $200,859,554"
"Jul 25, 2003",Lara Croft: Tomb Raider: The Cradle of Life," $90,000,000"," $157,092,943"
"May 27, 2016",Now You See Me 2," $90,000,000"," $328,325,007"
"Nov 21, 2001",Spy Game," $90,000,000"," $143,049,560"
"Apr 4, 1997",The Saint," $90,000,000"," $169,400,000"
"Mar 10, 2000",Mission to Mars," $90,000,000"," $106,000,000"
"Mar 6, 2018",Tomb Raider," $90,000,000"," $273,477,501"
"Dec 17, 1999",Bicentennial Man," $90,000,000"," $87,420,776"
"Jul 7, 2004",King Arthur," $90,000,000"," $203,653,524"
"Apr 25, 1997",Volcano," $90,000,000"," $120,100,000"
"Feb 9, 2022",Death on the Nile," $90,000,000"," $130,298,184"
"Mar 26, 1997",The Devil's Own," $90,000,000"," $140,900,000"
"Jul 19, 2002",K-19: The Widowmaker," $90,000,000"," $65,716,126"
"Aug 19, 2011",Conan the Barbarian," $90,000,000"," $63,356,133"
"Nov 23, 2022",Devotion," $90,000,000"," $21,461,880"
"Oct 21, 2011",The Three Musketeers," $90,000,000"," $139,877,913"
"Apr 21, 2017",The Promise," $90,000,000"," $10,551,417"
"Nov 24, 2010",The Nutcracker in 3D," $90,000,000"," $20,466,016"
"Mar 12, 2020",Trolls: World Tour," $90,000,000"," $48,866,407"
"Dec 13, 2017",Bright," $90,000,000", $0
"May 14, 2021",Army of the Dead," $90,000,000", $0
"May 10, 1996",Twister," $88,000,000"," $499,230,797"
"Jun 3, 2005",Cinderella Man," $88,000,000"," $105,021,488"
"Sep 11, 2018",The Predator," $88,000,000"," $159,487,563"
"Jul 21, 2021",Snake Eyes: G.I. Joe Origins," $88,000,000"," $34,677,221"
"Jul 8, 2005",Fantastic Four," $87,500,000"," $333,132,750"
"Feb 9, 2001",Hannibal," $87,000,000"," $350,100,280"
"Apr 6, 2023",Renfield," $86,203,077"," $26,874,347"
"Jul 25, 2003",Seabiscuit," $86,000,000"," $148,715,342"
"Jul 14, 2022",Bullet Train," $85,900,000"," $238,534,963"
"Aug 14, 2020",Project Power," $85,100,000", $0
"Dec 22, 2000",Cast Away," $85,000,000"," $427,230,516"
"Nov 17, 2006",Happy Feet," $85,000,000"," $385,000,315"
"Mar 6, 2024",Kung Fu Panda 4," $85,000,000"," $547,863,457"
"Dec 7, 2001",Ocean’s Eleven," $85,000,000"," $450,728,529"
"Jul 23, 2004",The Bourne Supremacy," $85,000,000"," $311,001,124"
"Jul 25, 1997",Air Force One," $85,000,000"," $315,268,353"
"Dec 1, 2021",Sing 2," $85,000,000"," $404,534,588"
"Apr 2, 2009",Fast & Furious," $85,000,000"," $359,347,833"
"Mar 14, 2008",Horton Hears a Who," $85,000,000"," $299,477,886"
"Jun 22, 2022",Elvis," $85,000,000"," $288,116,153"
"Mar 21, 2014",Divergent," $85,000,000"," $276,014,965"
"Sep 27, 2012",Hotel Transylvania," $85,000,000"," $377,369,679"
"Apr 3, 2019",Shazam!," $85,000,000"," $363,563,907"
"Nov 21, 2007",Enchanted," $85,000,000"," $340,384,141"
"Feb 8, 2012",Safe House," $85,000,000"," $207,884,401"
"Jul 20, 2007",I Now Pronounce You Chuck and Larry," $85,000,000"," $185,708,462"
"Jun 8, 2007",Ocean\'s Thirteen," $85,000,000"," $311,744,465"
"Dec 25, 2009",It’s Complicated," $85,000,000"," $224,614,744"
"Nov 20, 1998",Enemy of the State," $85,000,000"," $250,649,836"
"Sep 29, 2006",Open Season," $85,000,000"," $191,932,158"
"Nov 4, 2011",Tower Heist," $85,000,000"," $150,422,946"
"Nov 22, 2000",102 Dalmatians," $85,000,000"," $66,941,559"
"Mar 15, 2012",Mirror Mirror," $85,000,000"," $173,613,482"
"Dec 8, 2006",The Holiday," $85,000,000"," $204,920,447"
"Jun 15, 2006",The Fast and the Furious: Tokyo Drift," $85,000,000"," $157,794,205"
"Dec 9, 2005",Memoirs of a Geisha," $85,000,000"," $161,510,853"
"Mar 16, 2001",Enemy at the Gates," $85,000,000"," $96,971,293"
"Jun 18, 1993",Last Action Hero," $85,000,000"," $137,298,489"
"Sep 26, 2003",The Rundown," $85,000,000"," $80,831,893"
"Nov 11, 2011",Arthur Christmas," $85,000,000"," $147,555,243"
"Jan 19, 2017",xXx: Return of Xander Cage," $85,000,000"," $345,033,359"
"Nov 13, 1998",Meet Joe Black," $85,000,000"," $44,650,003"
"Jul 30, 2010",Cats & Dogs: The Revenge of Kitty Galore," $85,000,000"," $113,026,383"
"Feb 8, 2002",Collateral Damage," $85,000,000"," $78,353,508"
"Mar 15, 2002",Showtime," $85,000,000"," $78,948,765"
"Jun 30, 1995",Judge Dredd," $85,000,000"," $113,487,912"
"Aug 12, 2010",Scott Pilgrim vs. The World," $85,000,000"," $49,379,547"
"Mar 2, 2007",Zodiac," $85,000,000"," $83,027,938"
"Mar 28, 2003",The Core," $85,000,000"," $74,120,792"
"May 9, 1997",Father’s Day," $85,000,000"," $35,681,080"
"Dec 11, 2017",The Greatest Showman," $84,000,000"," $428,796,000"
"Jun 14, 2002",Scooby-Doo," $84,000,000"," $276,294,164"
"Jul 28, 2000",Nutty Professor II: The Klumps," $84,000,000"," $166,307,945"
"Jul 19, 2013",RED 2," $84,000,000"," $141,507,355"
"Jun 23, 2006",Click," $82,500,000"," $237,685,089"
"Dec 15, 2006",Charlotte\'s Web," $82,500,000"," $143,985,708"
"Feb 14, 2008",Jumper," $82,500,000"," $222,640,812"
"Jul 11, 2008",Hellboy II: The Golden Army," $82,500,000"," $160,388,063"
"May 27, 2005",The Longest Yard," $82,000,000"," $191,558,505"
"Aug 13, 2010",The Expendables," $82,000,000"," $268,268,174"
"Feb 5, 2020",Birds of Prey (And the Fantabulous Emancipation…," $82,000,000"," $205,358,461"
"Jul 1, 2021",The Boss Baby: Family Business," $82,000,000"," $146,281,732"
"Nov 17, 2000",The 6th Day," $82,000,000"," $96,024,898"
"May 23, 2003",Bruce Almighty," $81,000,000"," $484,468,608"
"Mar 8, 2012",The Hunger Games," $80,000,000"," $677,923,379"
"May 26, 2011",The Hangover Part II," $80,000,000"," $586,764,305"
"May 21, 1996",Mission: Impossible," $80,000,000"," $457,697,994"
"Feb 2, 2017",The Lego Batman Movie," $80,000,000"," $310,082,280"
"Sep 23, 2015",Hotel Transylvania 2," $80,000,000"," $474,800,000"
"Jun 18, 1992",Batman Returns," $80,000,000"," $266,970,061"
"May 7, 1999",The Mummy," $80,000,000"," $422,538,025"
"May 24, 2019",The Secret Life of Pets 2," $80,000,000"," $446,449,908"
"May 19, 2006",Over the Hedge," $80,000,000"," $343,397,247"
"Jun 21, 2002",Lilo & Stitch," $80,000,000"," $245,799,997"
"May 8, 1998",Deep Impact," $80,000,000"," $349,464,664"
"Jul 12, 2013",Grown Ups 2," $80,000,000"," $247,023,808"
"Dec 14, 2011",Alvin and the Chipmunks: Chipwrecked," $80,000,000"," $349,088,523"
"Jun 20, 2008",Get Smart," $80,000,000"," $226,739,416"
"Mar 11, 2005",Robots," $80,000,000"," $260,636,271"
"Feb 19, 2010",Shutter Island," $80,000,000"," $299,461,782"
"Dec 12, 2003",Something's Gotta Give," $80,000,000"," $266,685,242"
"Nov 26, 2008",Four Christmases," $80,000,000"," $168,311,558"
"Jun 27, 1997",Face/Off," $80,000,000"," $241,199,984"
"Dec 25, 2008",Bedtime Stories," $80,000,000"," $221,468,935"
"Aug 14, 2024",Alien: Romulus," $80,000,000"," $350,743,668"
"Jul 12, 2002",Road to Perdition," $80,000,000"," $183,354,514"
"Feb 11, 2011",Just Go With It," $80,000,000"," $214,974,953"
"Feb 14, 2003",Daredevil," $80,000,000"," $182,782,518"
"Sep 26, 2008",Eagle Eye," $80,000,000"," $180,585,259"
"Jun 6, 1997",Con Air," $80,000,000"," $224,117,573"
"Dec 17, 2010",Yogi Bear," $80,000,000"," $204,774,690"
"Dec 25, 2003",Cold Mountain," $80,000,000"," $165,173,909"
"Jan 15, 2010",The Book of Eli," $80,000,000"," $158,750,817"
"Nov 26, 1997",Flubber," $80,000,000"," $177,993,801"
"Jul 23, 1999",The Haunting," $80,000,000"," $180,188,905"
"Nov 15, 1996",Space Jam," $80,000,000"," $250,180,384"
"Oct 17, 2014",Fury," $80,000,000"," $210,221,008"
"Sep 21, 2018",Smallfoot," $80,000,000"," $214,244,195"
"Feb 10, 2006",The Pink Panther," $80,000,000"," $158,926,474"
"Jul 8, 2011",Zookeeper," $80,000,000"," $170,805,525"
"Dec 12, 2008",The Day the Earth Stood Still," $80,000,000"," $237,370,350"
"Aug 8, 1997",Conspiracy Theory," $80,000,000"," $142,783,718"
"Jun 12, 1998","Six Days, Seven Nights"," $80,000,000"," $164,800,000"
"May 24, 2002",Spirit: Stallion of the Cimarron," $80,000,000"," $106,515,310"
"Jun 8, 2001",Swordfish," $80,000,000"," $147,080,413"
"Apr 3, 1998",Lost In Space," $80,000,000"," $136,047,317"
"Jul 30, 2004",The Manchurian Candidate," $80,000,000"," $96,135,872"
"Nov 22, 2006",Déjà Vu," $80,000,000"," $181,038,616"
"Jun 24, 2005",Bewitched," $80,000,000"," $131,159,306"
"Dec 31, 1999",Fantasia 2000," $80,000,000"," $60,518,248"
"Dec 22, 2006",The Good Shepherd," $80,000,000"," $100,378,271"
"Mar 8, 2002",The Time Machine," $80,000,000"," $98,983,590"
"Oct 2, 1998",What Dreams May Come," $80,000,000"," $71,485,043"
"Dec 25, 1998",Mighty Joe Young," $80,000,000"," $50,632,037"
"Sep 19, 2019",Ad Astra," $80,000,000"," $135,154,826"
"Oct 28, 2005",The Legend of Zorro," $80,000,000"," $141,475,336"
"Feb 14, 2024",Madame Web," $80,000,000"," $100,298,817"
"Sep 27, 2023",The Creator," $80,000,000"," $104,272,136"
"Nov 10, 2000",Little Nicky," $80,000,000"," $58,270,391"
"Sep 25, 2009",Surrogates," $80,000,000"," $119,668,350"
"Jun 8, 2001",Evolution," $80,000,000"," $98,341,932"
"Aug 26, 2005",The Brothers Grimm," $80,000,000"," $105,299,638"
"Dec 13, 1996",Mars Attacks!," $80,000,000"," $101,371,017"
"Apr 14, 2006",The Wild," $80,000,000"," $99,010,667"
"Dec 20, 2013",Walking with Dinosaurs," $80,000,000"," $123,368,842"
"Dec 22, 2000",Thirteen Days," $80,000,000"," $66,554,547"
"Dec 6, 1996",Daylight," $80,000,000"," $158,908,290"
"Oct 21, 2015",The Last Witch Hunter," $80,000,000"," $130,818,912"
"Apr 23, 2025",The Accountant 2," $80,000,000"," $37,733,959"
"Feb 21, 2014",Pompeii," $80,000,000"," $108,469,033"
"May 12, 2000",Battlefield Earth: A Saga of the Year 3000," $80,000,000"," $29,725,663"
"Nov 14, 2003",Looney Tunes: Back in Action," $80,000,000"," $54,540,662"
"Dec 18, 2009",Nine," $80,000,000"," $56,984,219"
"Nov 26, 2003",Timeline," $80,000,000"," $26,703,184"
"Apr 22, 2010",Oceans," $80,000,000"," $86,787,530"
"Nov 25, 1998",Babe: Pig in the City," $80,000,000"," $69,131,860"
"Dec 25, 1997",The Postman," $80,000,000"," $20,841,123"
"Nov 10, 2000",Red Planet," $80,000,000"," $33,463,969"
"Jan 29, 2025",Ne Zha 2 (???????)," $80,000,000"," $1,969,663,909"
"Dec 23, 2022",Babylon," $80,000,000"," $64,326,615"
"Jan 12, 2007",Arthur et les Minimoys," $80,000,000"," $113,325,743"
"Aug 17, 2007",The Invasion," $80,000,000"," $40,147,042"
"Oct 6, 2022",Amsterdam," $80,000,000"," $29,400,826"
"Sep 2, 2005",A Sound of Thunder," $80,000,000"," $6,300,451"
"Nov 1, 2019",The Aeronauts," $80,000,000"," $6,628,721"
"Jun 15, 1994",The Lion King," $79,300,000"," $988,389,726"
"Jan 19, 2012",Journey 2: The Mysterious Island," $79,000,000"," $318,146,162"
"Nov 11, 2011",Jack and Jill," $79,000,000"," $150,519,217"
"Dec 21, 2001",A Beautiful Mind," $78,000,000"," $317,668,058"
"Sep 13, 2024",The Wild Robot," $78,000,000"," $334,127,408"
"Sep 26, 2013",Cloudy with a Chance of Meatballs 2," $78,000,000"," $274,392,649"
"Oct 4, 2002",Red Dragon," $78,000,000"," $206,455,420"
"Mar 5, 2004",Hidalgo," $78,000,000"," $108,086,731"
"Jul 11, 2003",The League of Extraordinary Gentlemen," $78,000,000"," $179,265,204"
"Aug 20, 2004",Exorcist: The Beginning," $78,000,000"," $43,957,541"
"Oct 17, 2012",Astérix et Obélix: Au service de Sa Majesté," $77,600,000"," $60,680,125"
"Jul 29, 2015",The Little Prince," $77,500,000"," $102,027,275"
"Sep 1, 2017",Renegades," $77,500,000"," $1,521,672"
"Jul 18, 2018",The Equalizer 2," $77,000,000"," $190,376,181"
"Jun 26, 2013",Despicable Me 2," $76,000,000"," $975,216,835"
"Jun 6, 2003",2 Fast 2 Furious," $76,000,000"," $236,410,607"
"Dec 25, 2006",Children of Men," $76,000,000"," $69,845,011"
"Jun 30, 2000",The Adventures of Rocky & Bullwinkle," $76,000,000"," $35,129,610"
"Nov 8, 2024",Paddington in Peru," $75,336,729"," $192,170,312"
"May 8, 2016",The Secret Life of Pets," $75,000,000"," $886,013,000"
"Jul 2, 1996",Independence Day," $75,000,000"," $817,400,878"
"Nov 7, 2018",Dr. Seuss’ The Grinch," $75,000,000"," $514,330,681"
"Nov 24, 2016",Sing," $75,000,000"," $631,064,182"
"Jun 14, 2017",Despicable Me 3," $75,000,000"," $1,032,809,657"
"May 22, 1997",The Lost World: Jurassic Park," $75,000,000"," $618,638,999"
"Mar 31, 2006",Ice Age: The Meltdown," $75,000,000"," $651,899,282"
"May 27, 2005",Madagascar," $75,000,000"," $556,559,566"
"May 15, 2019",John Wick: Chapter 3 — Parabellum," $75,000,000"," $326,685,379"
"Jun 25, 2010",Grown Ups," $75,000,000"," $272,222,420"
"Sep 20, 2004",Shark Tale," $75,000,000"," $371,741,123"
"Jul 14, 2000",X-Men," $75,000,000"," $296,872,367"
"Mar 1, 2023",Creed III," $75,000,000"," $276,148,615"
"Jun 27, 2008",Wanted," $75,000,000"," $342,416,460"
"Jun 7, 1996",The Rock," $75,000,000"," $336,069,511"
"Nov 18, 2021",Ghostbusters: Afterlife," $75,000,000"," $202,991,088"
"Feb 13, 2004",50 First Dates," $75,000,000"," $196,320,329"
"Jul 18, 2018",Mamma Mia: Here We Go Again!," $75,000,000"," $393,439,007"
"Jul 20, 2007",Hairspray," $75,000,000"," $202,822,861"
"May 31, 2013",Now You See Me," $75,000,000"," $342,769,200"
"Dec 15, 2006",Dreamgirls," $75,000,000"," $155,620,350"
"Aug 3, 2018",Christopher Robin," $75,000,000"," $197,744,377"
"Jul 23, 1999",Inspector Gadget," $75,000,000"," $97,387,965"
"Nov 11, 2011",Immortals," $75,000,000"," $211,562,435"
"Jun 18, 2004",The Terminal," $75,000,000"," $218,673,959"
"Feb 18, 2005",Constantine," $75,000,000"," $221,593,554"
"Mar 30, 2022",Morbius," $75,000,000"," $162,759,437"
"Jul 21, 2006",Monster House," $75,000,000"," $141,267,370"
"Dec 8, 2000",Vertical Limit," $75,000,000"," $213,500,000"
"Dec 21, 2007",Charlie Wilson’s War," $75,000,000"," $119,512,771"
"Apr 16, 1999",Life," $75,000,000"," $73,521,587"
"Sep 19, 2019",Abominable," $75,000,000"," $188,668,889"
"Sep 11, 2024",Transformers One," $75,000,000"," $128,317,666"
"Mar 4, 2005",Be Cool," $75,000,000"," $94,944,017"
"Nov 24, 2021",House of Gucci," $75,000,000"," $147,474,138"
"Dec 23, 2005",Munich," $75,000,000"," $131,492,772"
"Jun 4, 2010",Killers," $75,000,000"," $95,572,749"
"Aug 12, 2015",The Man From U.N.C.L.E.," $75,000,000"," $110,045,109"
"Mar 7, 2003",Tears of the Sun," $75,000,000"," $85,632,458"
"Jul 21, 2006",Lady in the Water," $75,000,000"," $72,785,169"
"Dec 17, 2004",Spanglish," $75,000,000"," $54,344,321"
"Oct 12, 2001",Bandits," $75,000,000"," $71,523,271"
"Dec 17, 1999",Anna and the King," $75,000,000"," $39,251,128"
"Jul 7, 1995",First Knight," $75,000,000"," $127,361,412"
"Mar 25, 2011",Sucker Punch," $75,000,000"," $89,758,389"
"Mar 11, 2005",Hostage," $75,000,000"," $77,636,443"
"Oct 5, 2016",Inferno," $75,000,000"," $219,519,367"
"Jun 13, 2003",Hollywood Homicide," $75,000,000"," $50,409,753"
"Jun 16, 2000",Titan A.E.," $75,000,000"," $36,751,979"
"Dec 17, 2004",Flight of the Phoenix," $75,000,000"," $34,009,180"
"Oct 23, 1998",Soldier," $75,000,000"," $14,623,082"
"Jan 6, 2022",The 355," $75,000,000"," $18,902,798"
"Jan 15, 1999",Virus," $75,000,000"," $30,626,690"
"Sep 27, 2024",Devara Part 1," $75,000,000"," $33,398,822"
"Feb 23, 2001",Monkeybone," $75,000,000"," $5,409,517"
"Aug 7, 2019",PLAYMOBIL," $75,000,000"," $16,288,031"
"Dec 8, 2021",Don’t Look Up," $75,000,000"," $1,172,913"
"Jun 24, 2022",The Man From Toronto," $75,000,000"," $470,000"
"Jun 18, 2025",28 Years Later," $75,000,000", $0
"Jun 17, 2015",Minions," $74,000,000"," $1,157,271,759"
"Jan 28, 2015",The SpongeBob Movie: Sponge Out of Water," $74,000,000"," $311,013,181"
"Mar 24, 2022",The Lost City," $74,000,000"," $192,327,444"
"Nov 22, 2000",Unbreakable," $73,243,106"," $248,099,143"
"Aug 4, 2006",Talladega Nights: The Ballad of Ricky Bobby," $73,000,000"," $162,870,525"
"May 11, 2016",The Angry Birds Movie," $73,000,000"," $352,288,341"
"Aug 7, 1998",Snake Eyes," $73,000,000"," $103,891,409"
"Feb 13, 1998",Sphere," $73,000,000"," $50,168,294"
"Jul 26, 2007",The Simpsons Movie," $72,500,000"," $527,071,022"
"Feb 8, 2008",Fool’s Gold," $72,500,000"," $109,362,966"
"Jul 31, 2009",Funny People," $72,500,000"," $71,880,305"
"Sep 28, 2007",The Kingdom," $72,500,000"," $86,802,457"
"Dec 6, 2023",Migration," $72,000,000"," $300,330,806"
"Jun 22, 2001",Dr. Dolittle 2," $72,000,000"," $176,101,721"
"May 24, 1995",Braveheart," $72,000,000"," $209,045,244"
"Nov 4, 2005",Jarhead," $72,000,000"," $96,947,540"
"Apr 27, 2001",Driven," $72,000,000"," $54,616,869"
"Dec 21, 2001",The Majestic," $72,000,000"," $37,306,334"
"Jun 25, 2004",Two Brothers," $72,000,000"," $62,176,754"
"Jul 30, 2004",The Village," $71,682,975"," $257,641,634"
"Jun 26, 1998",Doctor Dolittle," $71,500,000"," $294,156,605"
"Aug 2, 2002",Signs," $70,702,619"," $408,250,578"
"May 19, 2004",Shrek 2," $70,000,000"," $933,848,612"
"May 1, 2006",Cars," $70,000,000"," $461,630,558"
"Dec 23, 2009",Alvin and the Chipmunks: The Squeakquel," $70,000,000"," $443,483,213"
"Sep 4, 2019",It: Chapter Two," $70,000,000"," $467,561,586"
"Jun 22, 1988",Who Framed Roger Rabbit?," $70,000,000"," $351,500,000"
"Jul 30, 1999",Runaway Bride," $70,000,000"," $310,138,178"
"Aug 9, 2002",xXx," $70,000,000"," $267,200,000"
"Jun 8, 2018",Ocean’s 8," $70,000,000"," $297,718,711"
"Nov 8, 1996",Ransom," $70,000,000"," $308,700,000"
"Aug 21, 2009",Inglourious Basterds," $70,000,000"," $316,802,281"
"Dec 11, 1991",Hook," $70,000,000"," $300,854,823"
"Aug 2, 2023",Teenage Mutant Ninja Turtles: Mutant Mayhem," $70,000,000"," $180,329,865"
"Jul 3, 1990",Die Hard 2," $70,000,000"," $239,813,888"
"Aug 8, 2003",S.W.A.T.," $70,000,000"," $207,154,748"
"Nov 10, 2017",Daddy’s Home 2," $70,000,000"," $175,807,183"
"Nov 19, 1999",Sleepy Hollow," $70,000,000"," $207,068,340"
"Dec 14, 2001",Vanilla Sky," $70,000,000"," $202,726,605"
"Jun 13, 1997",Hercules," $70,000,000"," $250,700,000"
"Mar 20, 2013",Olympus Has Fallen," $70,000,000"," $172,836,993"
"Mar 17, 2022",The Bad Guys," $70,000,000"," $250,901,649"
"Mar 11, 2011",Battle: Los Angeles," $70,000,000"," $213,463,976"
"Aug 13, 2004",AVP: Alien Vs. Predator," $70,000,000"," $172,543,519"
"Dec 25, 2011",War Horse," $70,000,000"," $156,815,529"
"Mar 1, 2002",We Were Soldiers," $70,000,000"," $114,658,262"
"Feb 7, 2014",The Monuments Men," $70,000,000"," $158,702,748"
"Sep 22, 2016",Storks," $70,000,000"," $183,353,431"
"Dec 11, 1998",Star Trek: Insurrection," $70,000,000"," $117,800,000"
"Dec 10, 2003",Big Fish," $70,000,000"," $123,954,323"
"Jun 17, 1994",Wolf," $70,000,000"," $131,011,757"
"Jan 20, 2012",Underworld: Awakening," $70,000,000"," $160,379,930"
"Sep 15, 2017",The Lego Ninjago Movie," $70,000,000"," $122,737,201"
"Oct 1, 2014",Dracula Untold," $70,000,000"," $220,241,723"
"Sep 29, 2006",The Guardian," $70,000,000"," $94,973,540"
"Aug 9, 1989",The Abyss," $70,000,000"," $54,793,997"
"Sep 24, 2010",Wall Street 2: Money Never Sleeps," $70,000,000"," $137,431,619"
"Jan 14, 2011",The Dilemma," $70,000,000"," $70,546,865"
"Dec 25, 2005",Rumor Has It," $70,000,000"," $88,933,562"
"Nov 6, 1998",The Siege," $70,000,000"," $116,625,798"
"Aug 10, 2007",Stardust," $70,000,000"," $137,022,245"
"Jun 13, 2012",Rock of Ages," $70,000,000"," $61,031,932"
"Jun 11, 2021",The Hitman’s Wife’s Bodyguard," $70,000,000"," $67,387,455"
"Oct 8, 1997",Seven Years in Tibet," $70,000,000"," $131,445,884"
"Sep 17, 2004",Sky Captain and the World of Tomorrow," $70,000,000"," $49,730,854"
"Sep 14, 2007",The Brave One," $70,000,000"," $69,792,704"
"Nov 1, 2002",I Spy," $70,000,000"," $60,279,822"
"Jun 7, 2002",Bad Company," $70,000,000"," $69,157,016"
"Oct 21, 2005",Doom," $70,000,000"," $58,757,178"
"Jan 27, 2016",The Finest Hours," $70,000,000"," $49,252,761"
"Oct 10, 2013",Escape Plan," $70,000,000"," $103,735,965"
"Sep 23, 2011",Killer Elite," $70,000,000"," $65,409,046"
"Jan 16, 1998",Hard Rain," $70,000,000"," $19,870,567"
"Feb 15, 2002",Hart's War," $70,000,000"," $33,076,815"
"Feb 8, 2002",Rollerball," $70,000,000"," $25,852,508"
"Jan 10, 2014",The Legend of Hercules," $70,000,000"," $58,953,319"
"Apr 27, 2007",Next," $70,000,000"," $73,591,500"
"Jun 28, 2023","Ruby Gillman, Teenage Kraken"," $70,000,000"," $46,247,409"
"Sep 20, 2002",Ballistic: Ecks vs. Sever," $70,000,000"," $14,294,842"
"Aug 10, 2001",Osmosis Jones," $70,000,000"," $13,596,911"
"May 9, 2014",Legends of Oz: Dorothy’s Return," $70,000,000"," $20,107,933"
"Jan 16, 2015",Blackhat," $70,000,000"," $19,665,004"
"Mar 31, 2006",Basic Instinct 2," $70,000,000"," $35,417,162"
"May 28, 2010",Agora," $70,000,000"," $38,992,292"
"Jul 10, 2020",The Old Guard," $70,000,000", $0
Unknown,b," $70,000,000", $0
"Dec 25, 2025",Marty Supreme," $70,000,000", $0
"Jul 9, 2010",Despicable Me," $69,000,000"," $544,707,293"
"Jul 30, 2010",Dinner for Schmucks," $69,000,000"," $86,796,502"
"Feb 28, 2018",Red Sparrow," $69,000,000"," $145,951,861"
"Jun 30, 2010",The Twilight Saga: Eclipse," $68,000,000"," $706,101,755"
"Jul 21, 2022",Nope," $68,000,000"," $172,039,087"
"May 31, 2002",The Sum of All Fears," $68,000,000"," $193,500,000"
"Jun 25, 2015",Ted 2," $68,000,000"," $217,214,143"
"Jul 13, 2001",The Score," $68,000,000"," $113,542,091"
"Feb 25, 2011",Hall Pass," $68,000,000"," $87,173,475"
"Nov 22, 1995",Money Train," $68,000,000"," $77,224,232"
"Mar 21, 2003",Dreamcatcher," $68,000,000"," $75,685,268"
"Aug 6, 1999",Mystery Men," $68,000,000"," $33,462,011"
"Nov 5, 1999",The Insider," $68,000,000"," $60,265,197"
"Dec 22, 2017",Downsizing," $68,000,000"," $54,462,971"
"Oct 22, 2025",Mortal Kombat 2," $68,000,000", $0
"Aug 18, 2021",Reminiscence," $67,972,729"," $16,400,193"
"Mar 1, 2012",Dr. Seuss’ The Lorax," $67,500,000"," $351,097,803"
"Oct 10, 2008",Body of Lies," $67,500,000"," $118,556,530"
"Jun 20, 2012",Abraham Lincoln: Vampire Hunter," $67,500,000"," $137,489,730"
"Jun 26, 2024",A Quiet Place: Day One," $67,000,000"," $261,067,171"
"Aug 26, 2020",The New Mutants," $67,000,000"," $47,535,251"
"Sep 20, 1996",Last Man Standing," $67,000,000"," $18,149,997"
"Aug 17, 2007",The Last Legion," $67,000,000"," $25,357,771"
"Apr 30, 1999",Entrapment," $66,000,000"," $211,700,000"
"Jun 19, 1998",The X Files: Fight the Future," $66,000,000"," $189,176,423"
"Aug 2, 2017",The Dark Tower," $66,000,000"," $113,461,527"
"Mar 13, 2014",Need for Speed," $66,000,000"," $194,169,619"
"Jul 24, 1998",Saving Private Ryan," $65,000,000"," $485,035,085"
"Dec 15, 2000",What Women Want," $65,000,000"," $374,105,123"
"Nov 9, 2012",Lincoln," $65,000,000"," $273,346,281"
"Mar 15, 2002",Ice Age," $65,000,000"," $386,116,343"
"Mar 31, 1999",The Matrix," $65,000,000"," $466,281,862"
"Jun 30, 1995",Apollo 13," $65,000,000"," $335,802,271"
"Jun 22, 2018",Hotel Transylvania 3: Summer Vacation," $65,000,000"," $527,361,714"
"Dec 19, 2012",Les Misérables," $65,000,000"," $435,292,452"
"Nov 1, 2002",The Santa Clause 2," $65,000,000"," $172,844,592"
"Jun 1, 1990",Total Recall," $65,000,000"," $261,399,684"
"Dec 18, 1998",You’ve Got Mail," $65,000,000"," $250,800,000"
"Dec 25, 2014",Unbroken," $65,000,000"," $163,527,824"
"May 21, 2015",Spy!," $65,000,000"," $233,844,106"
"Nov 5, 2010",Due Date," $65,000,000"," $211,739,043"
"Jul 25, 2008",Step Brothers," $65,000,000"," $128,107,642"
"Dec 15, 1995",Jumanji," $65,000,000"," $262,758,310"
"Jul 17, 1998",The Mask of Zorro," $65,000,000"," $233,700,000"
"Aug 4, 2000",Space Cowboys," $65,000,000"," $128,874,043"
"Dec 18, 2014",Annie," $65,000,000"," $139,829,625"
"May 28, 1993",Cliffhanger," $65,000,000"," $255,000,000"
"Aug 10, 2016",Pete’s Dragon," $65,000,000"," $137,768,975"
"Feb 9, 1996",Broken Arrow," $65,000,000"," $148,345,997"
"Aug 9, 2006",World Trade Center," $65,000,000"," $163,295,654"
"Jul 7, 2000",The Kid," $65,000,000"," $69,688,384"
"Dec 19, 2003",Mona Lisa Smile," $65,000,000"," $141,205,169"
"May 16, 2012",The Dictator," $65,000,000"," $180,148,897"
"Nov 25, 2020",The Croods: A New Age," $65,000,000"," $214,766,238"
"Jul 16, 1999",Eyes Wide Shut," $65,000,000"," $104,364,755"
"Feb 16, 2012",This Means War," $65,000,000"," $156,974,557"
"Feb 26, 2015",Focus," $65,000,000"," $168,065,700"
"Dec 8, 2004",Blade: Trinity," $65,000,000"," $131,353,165"
"Nov 21, 2012",Red Dawn," $65,000,000"," $48,164,150"
"Dec 22, 2006",We Are Marshall," $65,000,000"," $43,545,364"
"Aug 17, 2015",Everest," $65,000,000"," $221,297,061"
"Sep 12, 2012",Resident Evil: Retribution," $65,000,000"," $240,647,629"
"Aug 2, 2019",The Angry Birds Movie 2," $65,000,000"," $152,255,188"
"Mar 20, 1998",Primary Colors," $65,000,000"," $39,017,984"
"Oct 15, 1999",Fight Club," $65,000,000"," $100,820,947"
"Aug 22, 2008",Death Race," $65,000,000"," $72,516,819"
